-- phpMyAdmin SQL Dump
-- version 5.0.1
-- https://www.phpmyadmin.net/
--
-- Servidor: 127.0.0.1
-- Tiempo de generación: 23-01-2024 a las 14:20:54
-- Versión del servidor: 10.4.11-MariaDB
-- Versión de PHP: 7.4.2

SET SQL_MODE = "NO_AUTO_VALUE_ON_ZERO";
SET AUTOCOMMIT = 0;
START TRANSACTION;
SET time_zone = "+00:00";


/*!40101 SET @OLD_CHARACTER_SET_CLIENT=@@CHARACTER_SET_CLIENT */;
/*!40101 SET @OLD_CHARACTER_SET_RESULTS=@@CHARACTER_SET_RESULTS */;
/*!40101 SET @OLD_COLLATION_CONNECTION=@@COLLATION_CONNECTION */;
/*!40101 SET NAMES utf8mb4 */;

--
-- Base de datos: `bd_foro`
--

-- --------------------------------------------------------

--
-- Estructura de tabla para la tabla `mensajes`
--

CREATE TABLE `mensajes` (
  `men_id` int(11) NOT NULL,
  `men_mensaje` mediumtext COLLATE utf8_spanish_ci NOT NULL,
  `men_tema_id` int(11) NOT NULL,
  `men_usu_id` int(11) NOT NULL,
  `men_fecha_hora` timestamp NOT NULL DEFAULT current_timestamp() ON UPDATE current_timestamp()
) ENGINE=InnoDB DEFAULT CHARSET=utf8 COLLATE=utf8_spanish_ci;

--
-- Volcado de datos para la tabla `mensajes`
--

INSERT INTO `mensajes` (`men_id`, `men_mensaje`, `men_tema_id`, `men_usu_id`, `men_fecha_hora`) VALUES
(6, '    Ayuda por favor', 1, 1, '2024-01-23 09:04:32'),
(7, '    ¿Ahora que hago?', 2, 1, '2024-01-23 09:07:02'),
(28, '    ¿Qué hay mal?', 2, 13, '2024-01-23 13:14:29'),
(29, '    Ayuda!!!', 4, 13, '2024-01-23 13:14:51'),
(30, '    ¿Qué hay mal aquí?', 4, 14, '2024-01-23 13:15:37'),
(31, '    ¿Cómo empiezo?', 1, 14, '2024-01-23 13:16:02'),
(32, '    Clases a 20€/h', 2, 14, '2024-01-23 13:16:32');

-- --------------------------------------------------------

--
-- Estructura de tabla para la tabla `temas`
--

CREATE TABLE `temas` (
  `tema_id` int(11) NOT NULL,
  `tema_tema` varchar(50) COLLATE utf8_spanish_ci NOT NULL
) ENGINE=InnoDB DEFAULT CHARSET=utf8 COLLATE=utf8_spanish_ci;

--
-- Volcado de datos para la tabla `temas`
--

INSERT INTO `temas` (`tema_id`, `tema_tema`) VALUES
(1, 'HTML'),
(2, 'CSS'),
(4, 'PHP');

-- --------------------------------------------------------

--
-- Estructura de tabla para la tabla `usuarios`
--

CREATE TABLE `usuarios` (
  `usu_id` int(11) NOT NULL,
  `usu_nombre` varchar(50) COLLATE utf8_spanish_ci NOT NULL,
  `usu_alias` varchar(50) COLLATE utf8_spanish_ci NOT NULL,
  `usu_password` varchar(256) COLLATE utf8_spanish_ci NOT NULL,
  `usu_foto` varchar(50) COLLATE utf8_spanish_ci NOT NULL,
  `usu_admin` tinyint(1) NOT NULL
) ENGINE=InnoDB DEFAULT CHARSET=utf8 COLLATE=utf8_spanish_ci;

--
-- Volcado de datos para la tabla `usuarios`
--

INSERT INTO `usuarios` (`usu_id`, `usu_nombre`, `usu_alias`, `usu_password`, `usu_foto`, `usu_admin`) VALUES
(1, 'administrador', 'administrador', '91f5167c34c400758115c2a6826ec2e3', 'u01.gif', 1),
(2, 'usuario', 'usuario', 'f8032d5cae3de20fcec887f395ec9a6a', 'u02.gif', 0),
(13, 'Alex', 'Alex', 'a08372b70196c21a9229cf04db6b7ceb', 'u01.gif', 0),
(14, 'Manuel', 'Manuel', '65314e903461a614229ea5a2099d758e', 'u02.gif', 0);

--
-- Índices para tablas volcadas
--

--
-- Indices de la tabla `mensajes`
--
ALTER TABLE `mensajes`
  ADD PRIMARY KEY (`men_id`),
  ADD KEY `men_tema_id` (`men_tema_id`),
  ADD KEY `men_usu_id` (`men_usu_id`);

--
-- Indices de la tabla `temas`
--
ALTER TABLE `temas`
  ADD PRIMARY KEY (`tema_id`);

--
-- Indices de la tabla `usuarios`
--
ALTER TABLE `usuarios`
  ADD PRIMARY KEY (`usu_id`),
  ADD UNIQUE KEY `usu_alias` (`usu_alias`);

--
-- AUTO_INCREMENT de las tablas volcadas
--

--
-- AUTO_INCREMENT de la tabla `mensajes`
--
ALTER TABLE `mensajes`
  MODIFY `men_id` int(11) NOT NULL AUTO_INCREMENT, AUTO_INCREMENT=33;

--
-- AUTO_INCREMENT de la tabla `temas`
--
ALTER TABLE `temas`
  MODIFY `tema_id` int(11) NOT NULL AUTO_INCREMENT, AUTO_INCREMENT=15;

--
-- AUTO_INCREMENT de la tabla `usuarios`
--
ALTER TABLE `usuarios`
  MODIFY `usu_id` int(11) NOT NULL AUTO_INCREMENT, AUTO_INCREMENT=15;

--
-- Restricciones para tablas volcadas
--

--
-- Filtros para la tabla `mensajes`
--
ALTER TABLE `mensajes`
  ADD CONSTRAINT `mensajes_ibfk_1` FOREIGN KEY (`men_usu_id`) REFERENCES `usuarios` (`usu_id`),
  ADD CONSTRAINT `mensajes_ibfk_2` FOREIGN KEY (`men_tema_id`) REFERENCES `temas` (`tema_id`);
COMMIT;

/*!40101 SET CHARACTER_SET_CLIENT=@OLD_CHARACTER_SET_CLIENT */;
/*!40101 SET CHARACTER_SET_RESULTS=@OLD_CHARACTER_SET_RESULTS */;
/*!40101 SET COLLATION_CONNECTION=@OLD_COLLATION_CONNECTION */;
